{
	"adapter": "sqlite",
	"storely_version": "6.0.0-rc.1",
	"captured_at": "2026-05-11T05:01:53.508Z",
	"ops": {
		"set": {
			"p50": 0.3085409999999911,
			"p99": 0.7153749999999945,
			"samples": 1000
		},
		"get": {
			"p50": 0.012165999999979249,
			"p99": 0.02120900000011261,
			"samples": 1000
		},
		"delete": {
			"p50": 0.3255420000000413,
			"p99": 0.7623330000000124,
			"samples": 1000
		},
		"setMany100": {
			"p50": 1.0262920000000122,
			"p99": 1.9309169999999085,
			"samples": 100
		},
		"getMany100": {
			"p50": 0.14833299999997962,
			"p99": 0.6391250000000355,
			"samples": 100
		},
		"deleteMany100": {
			"p50": 0.5308750000000373,
			"p99": 1.367292000000134,
			"samples": 100
		}
	}
}
